Workbook

Sheet Sheet1
B2: City | C2: Week 1 | D2: Week 2 | E2: Week 3 | F2: Week 4 | G2: Week 5 | H2: Week 6 | I2: Week 7 | J2: Week 8 | K2: Week 9
A3: 1 | B3: Delhi | C3: 66 | D3: 14 | E3: 90 | F3: 86 | G3: 67 | H3: 85 | I3: 34 | J3: 84 | K3: 75
A4: 2 | B4: Patna | C4: 92 | D4: 65 | E4: 75 | F4: 36 | G4: 57 | H4: 84 | I4: 35 | J4: 92 | K4: 43
A5: 3 | B5: Bhopal | C5: 19 | D5: 46 | E5: 41 | F5: 14 | G5: 25 | H5: 52 | I5: 40 | J5: 84 | K5: 52
A6: 4 | B6: Ahmedabad | C6: 55 | D6: 24 | E6: 86 | F6: 77 | G6: 61 | H6: 64 | I6: 11 | J6: 100 | K6: 53
A7: 5 | B7: Indore | C7: 50 | D7: 30 | E7: 16 | F7: 20 | G7: 91 | H7: 59 | I7: 49 | J7: 18 | K7: 17
A8: 6 | B8: Gurugram | C8: 34 | D8: 63 | E8: 52 | F8: 83 | G8: 53 | H8: 38 | I8: 50 | J8: 44 | K8: 92
A9: 7 | B9: Noida | C9: 94 | D9: 54 | E9: 33 | F9: 32 | G9: 44 | H9: 92 | I9: 31 | J9: 20 | K9: 47
C12: WEEK 1
C13: WEEK 2
C14: WEEK 3
C15: WEEK 4
C16: WEEK 5
C17: WEEK 6
C18: WEEK 7

Sheet Sheet2
A1: POLLUTION ANALYSIS CITY WISE WEEKLY BASIS 2026
A3: 1 | C3: =Sheet1!B2 -> City | D3: =Sheet1!C2 -> Week 1 | E3: =Sheet1!D2 -> Week 2 | F3: =Sheet1!E2 -> Week 3 | G3: =Sheet1!F2 -> Week 4 | H3: =Sheet1!G2 -> Week 5 | I3: =Sheet1!H2 -> Week 6 | J3: =Sheet1!I2 -> Week 7 | ... L3: =Sheet1!K2 -> Week 9 | M3: Avg
C4: {=INDEX(Sheet1!$B$3:$B$9,A3,1)} -> Delhi | D4: =VLOOKUP($C$4,Sheet1!$B$2:$K$9,COLUMN(Sheet1!B2),0) -> 66 | E4: =VLOOKUP($C$4,Sheet1!$B$2:$K$9,COLUMN(Sheet1!C2),0) -> 14 | F4: =VLOOKUP($C$4,Sheet1!$B$2:$K$9,COLUMN(Sheet1!D2),0) -> 90 | G4: =VLOOKUP($C$4,Sheet1!$B$2:$K$9,COLUMN(Sheet1!E2),0) -> 86 | H4: =VLOOKUP($C$4,Sheet1!$B$2:$K$9,COLUMN(Sheet1!F2),0) -> 67 | I4: =VLOOKUP($C$4,Sheet1!$B$2:$K$9,COLUMN(Sheet1!G2),0) -> 85 | J4: =VLOOKUP($C$4,Sheet1!$B$2:$K$9,COLUMN(Sheet1!H2),0) -> 34 | K4: =VLOOKUP($C$4,Sheet1!$B$2:$K$9,COLUMN(Sheet1!I2),0) -> 84 | L4: =VLOOKUP($C$4,Sheet1!$B$2:$K$9,COLUMN(Sheet1!J2),0) -> 75 | M4: =ROUND(AVERAGE(D4:L4),0) -> 67 | O4: =M4/100 -> 0.67
G38: >50 | H38: =IF(M4>50,"=","") -> = | K38: =
G39: >=40,<=50 | H39: =IF(AND(M4>=40,M4<=50),"=","")
G40: <40 | H40: =IF(M4<40,"=","") | O40: =#REF!/100 -> #REF!
S57: Data1 | T57: Data2
S58: 10 | T58: =M4 -> 67
S59: 10 | T59: 1 | W59: =M4/100 -> 0.67
S60: 10 | T60: =200-(T58+T59) -> 132
S61: 10
S62: 10
S63: 10
S64: 10
S65: 10
S66: 10
R67: =W59 -> 0.67 | S67: 10
S68: 100
